{"cameraMode":{"drawMode":0,"name":"Shaded","section":"Shading Mode"},"sceneLighting":true,"audioPlay":false,"sceneViewState":{"showFog":true,"showMaterialUpdate":false,"showSkybox":true,"showFlares":true,"showImageEffects":true,"showParticleSystems":true},"in2DMode":false,"pivot":{"x":-53.11729431152344,"y":4.793105602264404,"z":50.921958923339847},"rotation":{"x":0.28380945324897768,"y":-0.18407736718654633,"z":0.055612966418266299,"w":0.9394017457962036},"size":30.6033992767334,"orthographic":false}